country,year,bird_index,bird_flag
AT,1998,100.0,
AT,1999,102.3,
AT,2000,98.5,d
AT,2001,91.3,d
AT,2002,92.8,d
AT,2003,87.8,d
AT,2004,90.4,d
AT,2005,92.5,d
AT,2006,85.0,d
AT,2007,82.1,d
AT,2008,79.1,d
AT,2009,73.1,d
AT,2010,70.3,d
AT,2011,67.7,d
AT,2012,68.7,d
AT,2013,63.0,d
AT,2014,59.8,d
AT,2015,62.9,d
AT,2016,58.4,d
AT,2017,60.7,d
AT,2018,55.2,d
AT,2019,61.5,d
AT,2020,61.7,d
AT,2021,60.5,d
BE,1990,149.09,
BE,1991,142.38,
BE,1992,136.17,
BE,1993,130.38,
BE,1994,124.98,
BE,1995,119.95,
BE,1996,115.32,
BE,1997,111.08,
BE,1998,107.13,
BE,1999,103.42,
BE,2000,100.0,
BE,2001,96.95,
BE,2002,94.36,
BE,2003,92.16,
BE,2004,90.19,
BE,2005,88.26,
BE,2006,86.82,
BE,2007,86.01,
BE,2008,85.15,
BE,2009,83.6,
BE,2010,81.2,
BE,2011,78.39,
BE,2012,75.52,
BE,2013,72.88,
BE,2014,70.43,
BE,2015,67.96,
BE,2016,65.53,
BE,2017,63.18,
BE,2018,60.93,
BE,2019,58.75,
BE,2020,56.62,
CH,1990,118.92,
CH,1991,112.3,
CH,1992,113.12,
CH,1993,114.63,
CH,1994,114.98,
CH,1995,112.34,
CH,1996,108.66,
CH,1997,100.62,
CH,1998,96.47,
CH,1999,96.47,
CH,2000,100.0,
CH,2001,92.58,
CH,2002,88.62,
CH,2003,89.96,
CH,2004,94.03,
CH,2005,96.78,
CH,2006,94.98,
CH,2007,96.05,
CH,2008,92.32,
CH,2009,87.66,
CH,2010,94.09,
CH,2011,97.04,
CH,2012,102.88,
CH,2013,94.97,
CH,2014,99.13,
CH,2015,100.0,
CH,2016,101.87,
CH,2017,101.0,
CH,2018,99.48,
CH,2019,105.65,
CH,2020,117.65,
CH,2021,119.19,
CH,2022,115.61,
CH,2023,116.39,
CY,2006,100.0,d
CY,2007,81.0,d
CY,2008,68.0,d
CY,2009,65.0,d
CY,2010,81.0,d
CY,2011,85.0,d
CY,2012,91.0,d
CY,2013,123.0,d
CY,2014,98.0,d
CY,2015,117.0,d
CY,2016,132.0,d
CY,2017,110.0,d
CY,2018,117.0,d
CY,2019,123.0,d
CY,2020,120.0,d
CY,2021,110.0,d
CY,2022,81.0,d
CZ,1990,112.68,
CZ,1991,121.44,
CZ,1992,129.46,
CZ,1993,135.42,
CZ,1994,138.75,
CZ,1995,138.06,
CZ,1996,130.19,
CZ,1997,117.86,
CZ,1998,106.83,
CZ,1999,100.71,
CZ,2000,100.0,
CZ,2001,98.19,
CZ,2002,96.46,
CZ,2003,94.83,
CZ,2004,93.25,
CZ,2005,91.67,
CZ,2006,90.11,
CZ,2007,88.52,
CZ,2008,86.87,
CZ,2009,85.16,
CZ,2010,83.39,
CZ,2011,81.59,
CZ,2012,79.79,
CZ,2013,78.0,
CZ,2014,76.2,
CZ,2015,74.37,
CZ,2016,72.54,
CZ,2017,70.72,
CZ,2018,68.93,
CZ,2019,67.16,
CZ,2020,65.41,
CZ,2021,63.67,
CZ,2022,61.94,
CZ,2023,60.23,
DE,1990,143.37,
DE,1991,136.48,
DE,1992,126.61,
DE,1993,134.59,
DE,1994,135.08,
DE,1995,116.73,
DE,1996,121.72,
DE,1997,107.02,
DE,1998,100.38,
DE,1999,108.29,
DE,2000,100.0,
DE,2001,95.43,
DE,2002,87.75,
DE,2003,81.63,
DE,2004,84.78,
DE,2005,83.14,
DE,2006,76.48,
DE,2007,76.96,
DE,2008,76.84,
DE,2009,72.3,
DE,2010,65.02,
DE,2011,60.25,
DE,2012,61.77,
DE,2013,57.74,
DE,2014,57.43,
DE,2015,60.84,d
DE,2016,61.09,d
DE,2017,54.84,d
DE,2018,53.46,d
DE,2019,54.72,d
DK,1990,129.45,
DK,1991,118.91,
DK,1992,110.4,
DK,1993,109.81,
DK,1994,111.84,
DK,1995,109.54,
DK,1996,109.09,
DK,1997,103.51,
DK,1998,101.78,
DK,1999,104.06,
DK,2000,100.0,
DK,2001,103.69,
DK,2002,92.91,
DK,2003,90.76,
DK,2004,94.52,
DK,2005,83.82,
DK,2006,86.76,
DK,2007,82.17,
DK,2008,80.52,
DK,2009,91.23,
DK,2010,82.89,
DK,2011,76.21,
DK,2012,74.46,
DK,2013,75.76,
DK,2014,82.01,
DK,2015,80.05,
DK,2016,78.49,
DK,2017,74.13,
DK,2018,69.77,
DK,2019,67.27,
DK,2020,76.1,
DK,2021,72.38,
DK,2022,61.85,
DK,2023,66.84,
EE,1990,122.15,
EE,1991,111.09,
EE,1992,113.72,
EE,1993,104.89,
EE,1994,94.64,
EE,1995,82.13,
EE,1996,93.46,
EE,1997,98.66,
EE,1998,94.43,
EE,1999,88.78,
EE,2000,100.0,
EE,2001,95.85,
EE,2002,107.23,
EE,2003,99.43,
EE,2004,101.67,
EE,2005,105.05,
EE,2006,106.77,
EE,2007,104.32,
EE,2008,100.96,
EE,2009,91.63,
EE,2010,85.23,
EE,2011,88.61,
EE,2012,89.92,
EE,2013,96.14,
EE,2014,97.84,
EE,2015,84.42,d
EE,2016,77.11,d
EE,2017,76.1,d
EE,2018,74.07,d
EE,2019,74.71,d
EE,2020,68.99,d
EL,2007,100.0,d
EL,2008,95.06,d
EL,2009,96.71,d
EL,2010,91.07,d
EL,2011,100.25,d
EL,2012,94.84,d
EL,2013,94.29,d
EL,2014,107.34,d
EL,2015,90.91,d
EL,2016,90.79,d
EL,2017,93.51,d
EL,2018,89.34,d
EL,2019,95.11,d
EL,2020,88.61,d
EL,2021,117.18,d
EL,2022,86.76,d
EL,2023,83.31,d
ES,1998,107.39,
ES,1999,107.41,
ES,2000,100.0,
ES,2001,95.62,
ES,2002,97.35,
ES,2003,97.54,
ES,2004,94.84,
ES,2005,95.02,
ES,2006,86.81,
ES,2007,88.89,
ES,2008,93.75,
ES,2009,88.37,
ES,2010,83.75,
ES,2011,89.86,
ES,2012,84.47,
ES,2013,79.74,
ES,2014,78.8,
ES,2015,77.53,
ES,2016,78.04,
ES,2017,74.55,
ES,2018,69.73,
ES,2019,72.39,
ES,2020,71.15,
ES,2021,70.77,
ES,2022,69.23,
ES,2023,72.64,
FI,1990,114.31,
FI,1991,118.7,
FI,1992,123.53,
FI,1993,104.57,
FI,1994,114.56,
FI,1995,116.21,
FI,1996,100.28,
FI,1997,104.21,
FI,1998,109.14,
FI,1999,100.28,
FI,2000,100.0,
FI,2001,103.93,
FI,2002,98.49,
FI,2003,97.55,
FI,2004,90.19,
FI,2005,97.56,
FI,2006,87.34,
FI,2007,100.98,
FI,2008,92.29,
FI,2009,88.52,
FI,2010,87.02,
FI,2011,97.82,
FI,2012,82.21,
FI,2013,91.55,
FI,2014,90.5,
FI,2015,93.63,d
FI,2016,90.4,d
FI,2017,80.56,d
FI,2018,75.48,d
FI,2019,73.61,d
FI,2020,83.69,d
FI,2021,87.08,d
FI,2022,75.58,d
FI,2023,85.86,d
FI,2024,84.49,d
FR,1990,93.3,
FR,1991,74.6,
FR,1992,83.4,
FR,1993,74.6,
FR,1994,77.8,
FR,1995,74.7,
FR,1996,74.2,
FR,1997,82.0,
FR,1998,79.5,
FR,1999,69.5,
FR,2000,100.0,
FR,2001,72.7,
FR,2002,65.38,
FR,2003,69.54,
FR,2004,70.25,
FR,2005,78.97,
FR,2006,71.36,
FR,2007,73.7,
FR,2008,71.64,
FR,2009,67.5,
FR,2010,61.79,
FR,2011,63.77,
FR,2012,63.62,
FR,2013,61.39,
FR,2014,57.9,
FR,2015,61.57,
FR,2016,53.29,
FR,2017,51.05,
FR,2018,49.9,
FR,2019,47.44,
FR,2020,50.7,
FR,2021,53.93,
HU,1999,101.41,
HU,2000,100.0,
HU,2001,98.29,
HU,2002,96.41,
HU,2003,94.24,
HU,2004,91.88,
HU,2005,89.54,
HU,2006,86.74,
HU,2007,83.57,
HU,2008,80.89,
HU,2009,78.35,
HU,2010,75.82,
HU,2011,74.34,
HU,2012,74.81,
HU,2013,76.48,
HU,2014,77.87,
HU,2015,79.09,
HU,2016,80.6,
HU,2017,81.26,
HU,2018,80.96,
HU,2019,80.24,
HU,2020,78.98,
HU,2021,77.14,
HU,2022,74.84,
HU,2023,72.12,
IE,1998,88.41,
IE,1999,92.09,
IE,2000,100.0,
IE,2001,97.68,
IE,2002,98.56,
IE,2003,91.34,
IE,2004,98.97,
IE,2005,101.77,
IE,2006,103.87,
IE,2007,106.88,
IE,2008,108.67,
IE,2009,105.34,
IE,2010,101.45,
IE,2011,103.02,
IE,2012,100.26,
IE,2013,96.73,
IE,2014,106.69,
IE,2015,108.59,
IE,2016,107.37,
IT,2000,100.0,
IT,2001,98.3,
IT,2002,98.0,
IT,2003,94.7,
IT,2004,91.8,
IT,2005,85.9,
IT,2006,86.6,
IT,2007,91.9,
IT,2008,91.7,
IT,2009,89.5,
IT,2010,84.8,
IT,2011,92.4,
IT,2012,86.1,
IT,2013,81.8,
IT,2014,81.9,
IT,2015,77.7,
IT,2016,74.7,
IT,2017,74.2,
IT,2018,72.2,
IT,2019,73.8,
IT,2020,71.16,
IT,2021,72.32,
IT,2022,69.37,
LT,1994,70.36,
LT,1995,65.29,
LT,1996,68.78,
LT,1997,85.91,
LT,1998,87.28,
LT,1999,93.93,
LT,2000,100.0,
LT,2001,83.63,
LT,2002,61.09,
LT,2003,98.21,
LT,2004,82.83,
LT,2005,90.84,
LT,2006,79.19,
LT,2007,69.59,
LT,2008,73.53,
LT,2009,82.57,
LT,2010,86.44,
LT,2011,77.43,
LT,2012,72.06,
LT,2013,74.55,
LT,2014,80.49,
LT,2015,79.29,
LT,2016,69.36,
LT,2017,64.03,
LT,2018,58.5,
LT,2019,61.69,
LT,2020,50.91,
LT,2021,46.36,
LT,2022,45.24,
LT,2023,47.62,
LU,2010,100.0,d
LU,2011,112.13,d
LU,2012,102.2,d
LU,2013,90.9,d
LU,2014,84.94,d
LU,2015,73.3,d
LU,2016,80.61,d
LU,2017,83.11,d
LU,2018,77.87,d
LU,2019,79.24,d
LU,2020,125.53,d
LU,2021,99.27,d
LU,2022,91.26,d
LU,2023,105.44,d
LV,1995,102.78,
LV,1996,107.29,
LV,1997,107.95,
LV,1998,113.03,
LV,1999,110.1,
LV,2000,100.0,
LV,2001,121.65,
LV,2002,103.28,
LV,2003,105.12,
LV,2004,93.55,
LV,2005,100.81,
LV,2006,102.94,
LV,2007,112.44,
LV,2008,113.4,
LV,2009,100.67,
LV,2010,119.44,
LV,2011,108.4,
LV,2012,111.63,
LV,2013,124.26,
LV,2014,111.21,
LV,2015,121.92,d
LV,2016,90.25,d
LV,2017,92.02,d
LV,2018,97.0,d
LV,2019,86.58,d
LV,2020,88.84,d
LV,2021,91.41,d
LV,2022,82.89,d
LV,2023,82.12,d
NL,1990,118.7,
NL,1991,104.57,
NL,1992,109.35,
NL,1993,113.1,
NL,1994,113.02,
NL,1995,105.92,
NL,1996,103.46,
NL,1997,109.76,
NL,1998,107.8,
NL,1999,103.0,
NL,2000,100.0,
NL,2001,96.5,
NL,2002,91.13,
NL,2003,88.03,
NL,2004,89.35,
NL,2005,89.2,
NL,2006,78.95,
NL,2007,77.82,
NL,2008,78.45,
NL,2009,72.58,
NL,2010,67.5,
NL,2011,77.27,
NL,2012,73.1,
NL,2013,64.0,
NL,2014,68.69,
NL,2015,68.33,
NL,2016,66.55,
NL,2017,62.91,
NL,2018,58.22,
NL,2019,61.84,
NL,2020,63.63,
NL,2021,63.01,
NL,2022,60.4,
NO,1996,95.92,
NO,1997,91.51,
NO,1998,95.52,
NO,1999,96.53,
NO,2000,100.0,
NO,2001,88.71,
NO,2002,88.39,
NO,2003,88.91,
NO,2004,77.77,
NO,2005,74.83,
NO,2006,74.03,
NO,2007,78.61,
NO,2008,75.64,
NO,2009,64.04,
NO,2010,63.12,
NO,2011,60.64,
NO,2012,52.76,
NO,2013,53.49,
NO,2014,55.2,
NO,2015,42.76,
NO,2016,45.87,
NO,2017,48.99,
NO,2018,49.66,
NO,2019,44.88,
NO,2020,53.78,
NO,2021,47.57,
NO,2022,51.85,
PL,2000,100.0,
PL,2001,93.69,
PL,2002,93.27,
PL,2003,86.0,
PL,2004,89.14,
PL,2005,91.45,
PL,2006,91.72,
PL,2007,88.51,
PL,2008,100.16,
PL,2009,93.88,
PL,2010,89.93,
PL,2011,87.52,
PL,2012,85.45,
PL,2013,85.94,
PL,2014,84.53,
PL,2015,87.3,
PL,2016,87.93,
PL,2017,83.79,
PL,2018,76.25,
PL,2019,78.94,
PL,2020,81.27,
PL,2021,73.79,
PL,2022,75.7,
PL,2023,76.76,
PT,2004,100.0,d
PT,2005,100.7,d
PT,2006,103.5,d
PT,2007,106.2,d
PT,2008,104.8,d
PT,2009,105.0,d
PT,2010,101.9,d
PT,2011,104.1,d
PT,2012,102.5,d
PT,2013,105.0,d
PT,2014,97.5,d
PT,2015,93.6,d
PT,2016,105.3,d
PT,2017,105.3,d
PT,2018,93.2,d
PT,2019,95.0,d
PT,2020,94.2,d
PT,2021,99.3,d
SE,1998,86.89,
SE,1999,91.39,
SE,2000,100.0,
SE,2001,93.33,
SE,2002,91.59,
SE,2003,86.22,
SE,2004,99.36,
SE,2005,83.3,
SE,2006,82.55,
SE,2007,89.45,
SE,2008,86.02,
SE,2009,78.21,
SE,2010,83.31,
SE,2011,80.61,
SE,2012,80.04,
SE,2013,84.63,
SE,2014,81.49,
SE,2015,72.88,d
SE,2016,74.98,d
SE,2017,79.95,d
SE,2018,75.6,d
SE,2019,80.63,d
SE,2020,84.71,d
SE,2021,75.07,d
SE,2022,78.82,d
SE,2023,70.31,d
SI,2008,100.0,d
SI,2009,95.2,d
SI,2010,80.8,d
SI,2011,82.8,d
SI,2012,84.7,d
SI,2013,81.1,d
SI,2014,79.2,d
SI,2015,72.2,d
SI,2016,75.2,d
SI,2017,75.4,d
SI,2018,77.7,d
SI,2019,76.6,d
SI,2020,80.8,d
SI,2021,76.0,d
SI,2022,73.6,d
SI,2023,75.7,d
SK,2005,100.0,d
SK,2006,108.62,d
SK,2007,112.0,d
SK,2008,113.89,d
SK,2009,118.61,d
SK,2010,99.86,d
SK,2011,98.94,d
SK,2012,103.45,d
SK,2013,90.46,d
SK,2014,96.06,d
SK,2015,94.27,d
SK,2016,93.06,d
SK,2017,92.93,d
SK,2018,83.5,d
