country,year,bird_index,bird_flag,eu_unsmoothed,eu_smoothed,eu_lower_95,eu_upper_95,protected_terrestrial_pct,protected_area_flag,bird_minus_eu,bird_change_pct
AT,1998,100.0,,101.79,103.16,108.06,97.78,,,-3.1599999999999966,
AT,1999,102.3,,102.88,101.58,106.98,96.8,,,0.7199999999999989,2.299999999999991
AT,2000,98.5,d,99.27,100.0,104.86,94.89,,,-1.5,-3.7145650048875822
AT,2001,91.3,d,97.72,98.39,102.79,93.94,,,-7.090000000000003,-7.309644670050764
AT,2002,92.8,d,90.89,96.77,100.75,93.01,,,-3.969999999999999,1.6429353778751432
AT,2003,87.8,d,92.5,95.18,99.75,91.16,,,-7.38000000000001,-5.3879310344827624
AT,2004,90.4,d,95.22,93.61,97.78,89.36,,,-3.2099999999999937,2.9612756264236983
AT,2005,92.5,d,94.02,92.1,96.8,87.59,,,0.4000000000000057,2.3230088495575174
AT,2006,85.0,d,92.74,90.66,94.89,85.86,,,-5.659999999999997,-8.108108108108103
AT,2007,82.1,d,90.03,89.28,93.94,85.0,,,-7.180000000000007,-3.4117647058823586
AT,2008,79.1,d,90.85,87.95,92.08,83.32,,,-8.850000000000009,-3.654080389768577
AT,2009,73.1,d,84.44,86.64,91.16,82.49,,,-13.540000000000006,-7.585335018963335
AT,2010,70.3,d,83.86,85.35,90.26,80.86,,,-15.049999999999997,-3.830369357045138
AT,2011,67.7,d,84.78,84.06,88.47,80.05,27.5,,-16.36,-3.698435277382639
AT,2012,68.7,d,82.74,82.75,87.59,78.47,27.9,,-14.049999999999997,1.477104874446078
AT,2013,63.0,d,79.64,81.44,85.86,77.69,28.0,,-18.439999999999998,-8.296943231441055
AT,2014,59.8,d,80.93,80.16,84.16,76.15,28.0,,-20.36,-5.0793650793650835
AT,2015,62.9,d,81.61,78.88,83.32,74.64,28.1,,-15.979999999999997,5.183946488294322
AT,2016,58.4,d,82.51,77.62,81.67,73.9,28.1,,-19.220000000000006,-7.154213036565982
AT,2017,60.7,d,75.09,76.36,80.86,72.43,28.1,,-15.659999999999997,3.9383561643835607
AT,2018,55.2,d,70.92,75.12,80.05,71.0,28.2,,-19.92,-9.060955518945635
AT,2019,61.5,d,73.3,73.89,79.25,68.9,28.9,,-12.39,11.413043478260864
AT,2020,61.7,d,74.3,72.66,78.47,67.54,29.0,,-10.959999999999994,0.3252032520325354
AT,2021,60.5,d,73.17,71.45,77.69,65.54,29.3,,-10.950000000000003,-1.944894651539708
BE,1990,149.09,,113.9,115.35,121.84,109.14,,,33.74000000000001,
BE,1991,142.38,,112.14,113.99,120.62,106.98,,,28.39,-4.500637199007318
BE,1992,136.17,,117.47,112.61,119.42,105.92,,,23.559999999999988,-4.3615676359039295
BE,1993,130.38,,116.36,111.1,118.23,104.86,,,19.28,-4.252037893809202
BE,1994,124.98,,113.24,109.5,115.89,102.79,,,15.480000000000004,-4.14173953060285
BE,1995,119.95,,105.71,107.91,113.6,101.77,,,12.040000000000006,-4.024643943030881
BE,1996,115.32,,106.21,106.32,112.47,100.75,,,9.0,-3.8599416423509836
BE,1997,111.08,,105.4,104.74,110.24,99.75,,,6.340000000000003,-3.6767256330211495
BE,1998,107.13,,101.79,103.16,108.06,97.78,,,3.969999999999999,-3.5559956787900693
BE,1999,103.42,,102.88,101.58,106.98,96.8,,,1.8400000000000034,-3.463082236535042
BE,2000,100.0,,99.27,100.0,104.86,94.89,,,0.0,-3.3069038870624623
BE,2001,96.95,,97.72,98.39,102.79,93.94,,,-1.4399999999999977,-3.049999999999997
BE,2002,94.36,,90.89,96.77,100.75,93.01,,,-2.4099999999999966,-2.671480144404337
BE,2003,92.16,,92.5,95.18,99.75,91.16,,,-3.0200000000000102,-2.3314963967782987
BE,2004,90.19,,95.22,93.61,97.78,89.36,,,-3.4200000000000017,-2.137586805555558
BE,2005,88.26,,94.02,92.1,96.8,87.59,,,-3.839999999999989,-2.1399268211553357
BE,2006,86.82,,92.74,90.66,94.89,85.86,,,-3.8400000000000034,-1.6315431679129966
BE,2007,86.01,,90.03,89.28,93.94,85.0,,,-3.269999999999996,-0.9329647546648112
BE,2008,85.15,,90.85,87.95,92.08,83.32,,,-2.799999999999997,-0.9998837344494804
BE,2009,83.6,,84.44,86.64,91.16,82.49,,,-3.0400000000000063,-1.8203170874926733
BE,2010,81.2,,83.86,85.35,90.26,80.86,,,-4.1499999999999915,-2.8708133971291794
BE,2011,78.39,,84.78,84.06,88.47,80.05,14.2,,-5.670000000000002,-3.460591133004931
BE,2012,75.52,,82.74,82.75,87.59,78.47,14.3,,-7.230000000000004,-3.661181273121572
BE,2013,72.88,,79.64,81.44,85.86,77.69,14.3,,-8.560000000000002,-3.495762711864403
BE,2014,70.43,,80.93,80.16,84.16,76.15,14.3,,-9.72999999999999,-3.361690450054866
BE,2015,67.96,,81.61,78.88,83.32,74.64,14.3,,-10.920000000000002,-3.5070282550049847
BE,2016,65.53,,82.51,77.62,81.67,73.9,14.3,,-12.090000000000003,-3.575632725132416
BE,2017,63.18,,75.09,76.36,80.86,72.43,14.3,,-13.18,-3.586143750953763
BE,2018,60.93,,70.92,75.12,80.05,71.0,14.3,,-14.190000000000005,-3.5612535612535634
BE,2019,58.75,,73.3,73.89,79.25,68.9,14.6,,-15.14,-3.577876251436074
BE,2020,56.62,,74.3,72.66,78.47,67.54,14.6,,-16.04,-3.6255319148936205
CH,1990,118.92,,113.9,115.35,121.84,109.14,,,3.5700000000000074,
CH,1991,112.3,,112.14,113.99,120.62,106.98,,,-1.6899999999999977,-5.566767574840236
CH,1992,113.12,,117.47,112.61,119.42,105.92,,,0.5100000000000051,0.7301869991095389
CH,1993,114.63,,116.36,111.1,118.23,104.86,,,3.530000000000001,1.3348656294200678
CH,1994,114.98,,113.24,109.5,115.89,102.79,,,5.480000000000004,0.3053301927942176
CH,1995,112.34,,105.71,107.91,113.6,101.77,,,4.430000000000007,-2.296051487215167
CH,1996,108.66,,106.21,106.32,112.47,100.75,,,2.3400000000000034,-3.275769983977217
CH,1997,100.62,,105.4,104.74,110.24,99.75,,,-4.11999999999999,-7.39922694643842
CH,1998,96.47,,101.79,103.16,108.06,97.78,,,-6.689999999999998,-4.124428543033199
CH,1999,96.47,,102.88,101.58,106.98,96.8,,,-5.109999999999999,0.0
CH,2000,100.0,,99.27,100.0,104.86,94.89,,,0.0,3.659168653467404
CH,2001,92.58,,97.72,98.39,102.79,93.94,,,-5.810000000000002,-7.420000000000004
CH,2002,88.62,,90.89,96.77,100.75,93.01,,,-8.149999999999991,-4.277381723914441
CH,2003,89.96,,92.5,95.18,99.75,91.16,,,-5.220000000000013,1.5120740239223496
CH,2004,94.03,,95.22,93.61,97.78,89.36,,,0.4200000000000017,4.524232992441091
CH,2005,96.78,,94.02,92.1,96.8,87.59,,,4.680000000000007,2.9245985323832713
CH,2006,94.98,,92.74,90.66,94.89,85.86,,,4.320000000000007,-1.8598884066955979
CH,2007,96.05,,90.03,89.28,93.94,85.0,,,6.769999999999996,1.1265529585175793
CH,2008,92.32,,90.85,87.95,92.08,83.32,,,4.36999999999999,-3.8833940655908394
CH,2009,87.66,,84.44,86.64,91.16,82.49,,,1.019999999999996,-5.047660311958402
CH,2010,94.09,,83.86,85.35,90.26,80.86,,,8.740000000000009,7.335158567191424
CH,2011,97.04,,84.78,84.06,88.47,80.05,,,12.980000000000004,3.135295993197995
CH,2012,102.88,,82.74,82.75,87.59,78.47,,,20.129999999999995,6.018136850783162
CH,2013,94.97,,79.64,81.44,85.86,77.69,,,13.530000000000001,-7.688569206842921
CH,2014,99.13,,80.93,80.16,84.16,76.15,,,18.97,4.380330630725493
CH,2015,100.0,,81.61,78.88,83.32,74.64,,,21.120000000000005,0.877635428225565
CH,2016,101.87,,82.51,77.62,81.67,73.9,,,24.25,1.869999999999994
CH,2017,101.0,,75.09,76.36,80.86,72.43,,,24.64,-0.854029645626786
CH,2018,99.48,,70.92,75.12,80.05,71.0,,,24.36,-1.5049504950495063
CH,2019,105.65,,73.3,73.89,79.25,68.9,,,31.760000000000005,6.2022517088862195
CH,2020,117.65,,74.3,72.66,78.47,67.54,,,44.99000000000001,11.358258400378606
CH,2021,119.19,,73.17,71.45,77.69,65.54,,,47.739999999999995,1.308967275818107
CH,2022,115.61,,67.73,70.25,77.69,63.6,,,45.36,-3.003607685208487
CH,2023,116.39,,67.43,69.06,76.91,61.72,,,47.33,0.6746821209237863
CY,2006,100.0,d,92.74,90.66,94.89,85.86,,,9.340000000000003,
CY,2007,81.0,d,90.03,89.28,93.94,85.0,,,-8.280000000000001,-18.999999999999993
CY,2008,68.0,d,90.85,87.95,92.08,83.32,,,-19.950000000000003,-16.049382716049386
CY,2009,65.0,d,84.44,86.64,91.16,82.49,,,-21.64,-4.411764705882348
CY,2010,81.0,d,83.86,85.35,90.26,80.86,,,-4.349999999999994,24.615384615384617
CY,2011,85.0,d,84.78,84.06,88.47,80.05,17.4,,0.9399999999999977,4.938271604938271
CY,2012,91.0,d,82.74,82.75,87.59,78.47,17.4,,8.25,7.058823529411762
CY,2013,123.0,d,79.64,81.44,85.86,77.69,17.7,,41.56,35.164835164835175
CY,2014,98.0,d,80.93,80.16,84.16,76.15,34.2,,17.840000000000003,-20.32520325203252
CY,2015,117.0,d,81.61,78.88,83.32,74.64,35.1,,38.120000000000005,19.387755102040828
CY,2016,132.0,d,82.51,77.62,81.67,73.9,37.0,,54.379999999999995,12.82051282051282
CY,2017,110.0,d,75.09,76.36,80.86,72.43,37.0,,33.64,-16.666666666666664
CY,2018,117.0,d,70.92,75.12,80.05,71.0,37.0,,41.879999999999995,6.363636363636371
CY,2019,123.0,d,73.3,73.89,79.25,68.9,37.6,,49.11,5.128205128205132
CY,2020,120.0,d,74.3,72.66,78.47,67.54,37.6,,47.34,-2.4390243902439046
CY,2021,110.0,d,73.17,71.45,77.69,65.54,37.6,,38.55,-8.333333333333337
CY,2022,81.0,d,67.73,70.25,77.69,63.6,37.8,,10.75,-26.363636363636367
CZ,1990,112.68,,113.9,115.35,121.84,109.14,,,-2.6699999999999875,
CZ,1991,121.44,,112.14,113.99,120.62,106.98,,,7.450000000000003,7.774227902023423
CZ,1992,129.46,,117.47,112.61,119.42,105.92,,,16.85000000000001,6.604084321475634
CZ,1993,135.42,,116.36,111.1,118.23,104.86,,,24.319999999999993,4.60373860651937
CZ,1994,138.75,,113.24,109.5,115.89,102.79,,,29.25,2.459016393442637
CZ,1995,138.06,,105.71,107.91,113.6,101.77,,,30.150000000000006,-0.49729729729729444
CZ,1996,130.19,,106.21,106.32,112.47,100.75,,,23.870000000000005,-5.700420107199767
CZ,1997,117.86,,105.4,104.74,110.24,99.75,,,13.120000000000005,-9.470773484906669
CZ,1998,106.83,,101.79,103.16,108.06,97.78,,,3.6700000000000017,-9.358561004581711
CZ,1999,100.71,,102.88,101.58,106.98,96.8,,,-0.8700000000000045,-5.728727885425444
CZ,2000,100.0,,99.27,100.0,104.86,94.89,,,0.0,-0.7049945387746948
CZ,2001,98.19,,97.72,98.39,102.79,93.94,,,-0.20000000000000284,-1.8100000000000005
CZ,2002,96.46,,90.89,96.77,100.75,93.01,,,-0.3100000000000023,-1.7618902128526348
CZ,2003,94.83,,92.5,95.18,99.75,91.16,,,-0.3500000000000085,-1.6898196143479094
CZ,2004,93.25,,95.22,93.61,97.78,89.36,,,-0.35999999999999943,-1.666139407360534
CZ,2005,91.67,,94.02,92.1,96.8,87.59,,,-0.4299999999999926,-1.694369973190346
CZ,2006,90.11,,92.74,90.66,94.89,85.86,,,-0.5499999999999972,-1.701756299770918
CZ,2007,88.52,,90.03,89.28,93.94,85.0,,,-0.7600000000000051,-1.7645100432804428
CZ,2008,86.87,,90.85,87.95,92.08,83.32,,,-1.0799999999999983,-1.8639855399909533
CZ,2009,85.16,,84.44,86.64,91.16,82.49,,,-1.480000000000004,-1.9684586163232543
CZ,2010,83.39,,83.86,85.35,90.26,80.86,,,-1.9599999999999937,-2.078440582433061
CZ,2011,81.59,,84.78,84.06,88.47,80.05,21.4,,-2.469999999999999,-2.1585321981052896
CZ,2012,79.79,,82.74,82.75,87.59,78.47,21.4,,-2.9599999999999937,-2.2061527147934745
CZ,2013,78.0,,79.64,81.44,85.86,77.69,21.4,,-3.4399999999999977,-2.243388895851617
CZ,2014,76.2,,80.93,80.16,84.16,76.15,21.4,,-3.9599999999999937,-2.3076923076922995
CZ,2015,74.37,,81.61,78.88,83.32,74.64,21.8,,-4.509999999999991,-2.4015748031496087
CZ,2016,72.54,,82.51,77.62,81.67,73.9,21.9,,-5.079999999999998,-2.4606696248487214
CZ,2017,70.72,,75.09,76.36,80.86,72.43,21.9,,-5.640000000000001,-2.508960573476715
CZ,2018,68.93,,70.92,75.12,80.05,71.0,21.9,,-6.189999999999998,-2.531108597285059
CZ,2019,67.16,,73.3,73.89,79.25,68.9,21.9,,-6.730000000000004,-2.5678224285507145
CZ,2020,65.41,,74.3,72.66,78.47,67.54,21.9,,-7.25,-2.6057176891006506
CZ,2021,63.67,,73.17,71.45,77.69,65.54,21.9,,-7.780000000000001,-2.6601437089129987
CZ,2022,61.94,,67.73,70.25,77.69,63.6,21.9,,-8.310000000000002,-2.717135228522072
CZ,2023,60.23,,67.43,69.06,76.91,61.72,21.9,,-8.830000000000005,-2.7607361963190247
DE,1990,143.37,,113.9,115.35,121.84,109.14,,,28.02000000000001,
DE,1991,136.48,,112.14,113.99,120.62,106.98,,,22.489999999999995,-4.805747366952651
DE,1992,126.61,,117.47,112.61,119.42,105.92,,,14.0,-7.231828839390375
DE,1993,134.59,,116.36,111.1,118.23,104.86,,,23.49000000000001,6.3028196824895355
DE,1994,135.08,,113.24,109.5,115.89,102.79,,,25.580000000000013,0.36406865294598134
DE,1995,116.73,,105.71,107.91,113.6,101.77,,,8.820000000000007,-13.584542493337281
DE,1996,121.72,,106.21,106.32,112.47,100.75,,,15.400000000000006,4.27482223935578
DE,1997,107.02,,105.4,104.74,110.24,99.75,,,2.280000000000001,-12.076897798225438
DE,1998,100.38,,101.79,103.16,108.06,97.78,,,-2.780000000000001,-6.204447766772569
DE,1999,108.29,,102.88,101.58,106.98,96.8,,,6.710000000000008,7.880055788005591
DE,2000,100.0,,99.27,100.0,104.86,94.89,,,0.0,-7.6553698402437975
DE,2001,95.43,,97.72,98.39,102.79,93.94,,,-2.9599999999999937,-4.569999999999997
DE,2002,87.75,,90.89,96.77,100.75,93.01,,,-9.019999999999996,-8.04778371581264
DE,2003,81.63,,92.5,95.18,99.75,91.16,,,-13.550000000000011,-6.9743589743589745
DE,2004,84.78,,95.22,93.61,97.78,89.36,,,-8.829999999999998,3.858875413450935
DE,2005,83.14,,94.02,92.1,96.8,87.59,,,-8.959999999999994,-1.9344184949280474
DE,2006,76.48,,92.74,90.66,94.89,85.86,,,-14.179999999999993,-8.010584556170308
DE,2007,76.96,,90.03,89.28,93.94,85.0,,,-12.320000000000007,0.6276150627614996
DE,2008,76.84,,90.85,87.95,92.08,83.32,,,-11.11,-0.15592515592514067
DE,2009,72.3,,84.44,86.64,91.16,82.49,,,-14.340000000000003,-5.908381051535672
DE,2010,65.02,,83.86,85.35,90.26,80.86,,,-20.33,-10.069156293222681
DE,2011,60.25,,84.78,84.06,88.47,80.05,37.1,,-23.810000000000002,-7.336204244847733
DE,2012,61.77,,82.74,82.75,87.59,78.47,37.3,,-20.979999999999997,2.52282157676349
DE,2013,57.74,,79.64,81.44,85.86,77.69,37.3,,-23.699999999999996,-6.524202687388703
DE,2014,57.43,,80.93,80.16,84.16,76.15,37.4,,-22.729999999999997,-0.5368895046761413
DE,2015,60.84,d,81.61,78.88,83.32,74.64,37.4,,-18.039999999999992,5.937663242207902
DE,2016,61.09,d,82.51,77.62,81.67,73.9,37.6,,-16.53,0.41091387245233424
DE,2017,54.84,d,75.09,76.36,80.86,72.43,37.6,,-21.519999999999996,-10.230807006056642
DE,2018,53.46,d,70.92,75.12,80.05,71.0,37.8,,-21.660000000000004,-2.516411378555805
DE,2019,54.72,d,73.3,73.89,79.25,68.9,37.8,,-19.17,2.3569023569023573
DK,1990,129.45,,113.9,115.35,121.84,109.14,,,14.099999999999994,
DK,1991,118.91,,112.14,113.99,120.62,106.98,,,4.920000000000002,-8.142139822325213
DK,1992,110.4,,117.47,112.61,119.42,105.92,,,-2.2099999999999937,-7.156673114119916
DK,1993,109.81,,116.36,111.1,118.23,104.86,,,-1.289999999999992,-0.5344202898550754
DK,1994,111.84,,113.24,109.5,115.89,102.79,,,2.3400000000000034,1.8486476641471628
DK,1995,109.54,,105.71,107.91,113.6,101.77,,,1.6300000000000097,-2.0565092989985656
DK,1996,109.09,,106.21,106.32,112.47,100.75,,,2.7700000000000102,-0.41080883695453485
DK,1997,103.51,,105.4,104.74,110.24,99.75,,,-1.2299999999999898,-5.1150426253552155
DK,1998,101.78,,101.79,103.16,108.06,97.78,,,-1.3799999999999955,-1.6713361027920093
DK,1999,104.06,,102.88,101.58,106.98,96.8,,,2.480000000000004,2.2401257614462544
DK,2000,100.0,,99.27,100.0,104.86,94.89,,,0.0,-3.9015952335191284
DK,2001,103.69,,97.72,98.39,102.79,93.94,,,5.299999999999997,3.6899999999999933
DK,2002,92.91,,90.89,96.77,100.75,93.01,,,-3.8599999999999994,-10.396373806538728
DK,2003,90.76,,92.5,95.18,99.75,91.16,,,-4.420000000000002,-2.3140673770315257
DK,2004,94.52,,95.22,93.61,97.78,89.36,,,0.9099999999999966,4.14279418245922
DK,2005,83.82,,94.02,92.1,96.8,87.59,,,-8.280000000000001,-11.32035548032163
DK,2006,86.76,,92.74,90.66,94.89,85.86,,,-3.8999999999999915,3.5075161059413107
DK,2007,82.17,,90.03,89.28,93.94,85.0,,,-7.109999999999999,-5.290456431535273
DK,2008,80.52,,90.85,87.95,92.08,83.32,,,-7.430000000000007,-2.008032128514059
DK,2009,91.23,,84.44,86.64,91.16,82.49,,,4.590000000000003,13.301043219076014
DK,2010,82.89,,83.86,85.35,90.26,80.86,,,-2.4599999999999937,-9.141729694179546
DK,2011,76.21,,84.78,84.06,88.47,80.05,15.2,,-7.8500000000000085,-8.058873205453022
DK,2012,74.46,,82.74,82.75,87.59,78.47,15.2,,-8.290000000000006,-2.2962865765647544
DK,2013,75.76,,79.64,81.44,85.86,77.69,15.2,,-5.679999999999993,1.745903840988472
DK,2014,82.01,,80.93,80.16,84.16,76.15,15.2,,1.8500000000000085,8.249736008447739
DK,2015,80.05,,81.61,78.88,83.32,74.64,15.2,,1.1700000000000017,-2.3899524448238063
DK,2016,78.49,,82.51,77.62,81.67,73.9,15.2,,0.8699999999999903,-1.9487820112429777
DK,2017,74.13,,75.09,76.36,80.86,72.43,15.3,,-2.230000000000004,-5.5548477513059025
DK,2018,69.77,,70.92,75.12,80.05,71.0,15.3,,-5.3500000000000085,-5.881559422635907
DK,2019,67.27,,73.3,73.89,79.25,68.9,15.3,,-6.6200000000000045,-3.5832019492618605
DK,2020,76.1,,74.3,72.66,78.47,67.54,15.3,,3.4399999999999977,13.126207819235901
DK,2021,72.38,,73.17,71.45,77.69,65.54,15.3,,0.9299999999999926,-4.888304862023651
DK,2022,61.85,,67.73,70.25,77.69,63.6,15.3,,-8.399999999999999,-14.548217739707091
DK,2023,66.84,,67.43,69.06,76.91,61.72,15.4,,-2.219999999999999,8.067906224737275
EE,1990,122.15,,113.9,115.35,121.84,109.14,,,6.800000000000011,
EE,1991,111.09,,112.14,113.99,120.62,106.98,,,-2.8999999999999915,-9.054441260744984
EE,1992,113.72,,117.47,112.61,119.42,105.92,,,1.1099999999999994,2.367449815464928
EE,1993,104.89,,116.36,111.1,118.23,104.86,,,-6.209999999999994,-7.764685191698906
EE,1994,94.64,,113.24,109.5,115.89,102.79,,,-14.86,-9.772142244255889
EE,1995,82.13,,105.71,107.91,113.6,101.77,,,-25.78,-13.218512256973803
EE,1996,93.46,,106.21,106.32,112.47,100.75,,,-12.86,13.795202727383415
EE,1997,98.66,,105.4,104.74,110.24,99.75,,,-6.079999999999998,5.563877594692923
EE,1998,94.43,,101.79,103.16,108.06,97.78,,,-8.72999999999999,-4.2874518548550515
EE,1999,88.78,,102.88,101.58,106.98,96.8,,,-12.799999999999997,-5.983268029228006
EE,2000,100.0,,99.27,100.0,104.86,94.89,,,0.0,12.637981527371034
EE,2001,95.85,,97.72,98.39,102.79,93.94,,,-2.5400000000000063,-4.150000000000009
EE,2002,107.23,,90.89,96.77,100.75,93.01,,,10.460000000000008,11.872717788210752
EE,2003,99.43,,92.5,95.18,99.75,91.16,,,4.25,-7.274083745220549
EE,2004,101.67,,95.22,93.61,97.78,89.36,,,8.060000000000002,2.2528411948104177
EE,2005,105.05,,94.02,92.1,96.8,87.59,,,12.950000000000003,3.3244811645519734
EE,2006,106.77,,92.74,90.66,94.89,85.86,,,16.11,1.6373155640171388
EE,2007,104.32,,90.03,89.28,93.94,85.0,,,15.039999999999992,-2.2946520558209227
EE,2008,100.96,,90.85,87.95,92.08,83.32,,,13.009999999999991,-3.220858895705525
EE,2009,91.63,,84.44,86.64,91.16,82.49,,,4.989999999999995,-9.241283676703649
EE,2010,85.23,,83.86,85.35,90.26,80.86,,,-0.11999999999999034,-6.984612026628822
EE,2011,88.61,,84.78,84.06,88.47,80.05,19.6,,4.549999999999997,3.965739762994236
EE,2012,89.92,,82.74,82.75,87.59,78.47,19.6,,7.170000000000002,1.47838844374224
EE,2013,96.14,,79.64,81.44,85.86,77.69,19.7,,14.700000000000003,6.917259786476859
EE,2014,97.84,,80.93,80.16,84.16,76.15,19.7,,17.680000000000007,1.7682546286665213
EE,2015,84.42,d,81.61,78.88,83.32,74.64,19.8,,5.540000000000006,-13.71627146361406
EE,2016,77.11,d,82.51,77.62,81.67,73.9,19.9,,-0.5100000000000051,-8.65908552475717
EE,2017,76.1,d,75.09,76.36,80.86,72.43,20.0,,-0.2600000000000051,-1.3098171443392648
EE,2018,74.07,d,70.92,75.12,80.05,71.0,20.1,,-1.0500000000000114,-2.667542706964521
EE,2019,74.71,d,73.3,73.89,79.25,68.9,20.7,,0.8199999999999932,0.8640475226137534
EE,2020,68.99,d,74.3,72.66,78.47,67.54,20.8,,-3.6700000000000017,-7.6562709142015795
EL,2007,100.0,d,90.03,89.28,93.94,85.0,,,10.719999999999999,
EL,2008,95.06,d,90.85,87.95,92.08,83.32,,,7.109999999999999,-4.9399999999999995
EL,2009,96.71,d,84.44,86.64,91.16,82.49,,,10.069999999999993,1.7357458447296414
EL,2010,91.07,d,83.86,85.35,90.26,80.86,,,5.719999999999999,-5.831868472753598
EL,2011,100.25,d,84.78,84.06,88.47,80.05,34.6,,16.189999999999998,10.080158120127392
EL,2012,94.84,d,82.74,82.75,87.59,78.47,34.6,,12.090000000000003,-5.396508728179549
EL,2013,94.29,d,79.64,81.44,85.86,77.69,34.6,,12.850000000000009,-0.5799240826655394
EL,2014,107.34,d,80.93,80.16,84.16,76.15,34.6,,27.180000000000007,13.840279987273307
EL,2015,90.91,d,81.61,78.88,83.32,74.64,34.6,,12.030000000000001,-15.306502701695557
EL,2016,90.79,d,82.51,77.62,81.67,73.9,34.6,,13.170000000000002,-0.13199868001319004
EL,2017,93.51,d,75.09,76.36,80.86,72.43,34.6,,17.150000000000006,2.995924661306315
EL,2018,89.34,d,70.92,75.12,80.05,71.0,34.6,,14.219999999999999,-4.459416105229385
EL,2019,95.11,d,73.3,73.89,79.25,68.9,34.6,,21.22,6.458473248265051
EL,2020,88.61,d,74.3,72.66,78.47,67.54,34.6,,15.950000000000003,-6.834191988224159
EL,2021,117.18,d,73.17,71.45,77.69,65.54,34.7,,45.730000000000004,32.242410563141874
EL,2022,86.76,d,67.73,70.25,77.69,63.6,34.7,,16.510000000000005,-25.960061443932414
EL,2023,83.31,d,67.43,69.06,76.91,61.72,34.6,,14.25,-3.9764868603042958
ES,1998,107.39,,101.79,103.16,108.06,97.78,,,4.230000000000004,
ES,1999,107.41,,102.88,101.58,106.98,96.8,,,5.829999999999998,0.018623707980247595
ES,2000,100.0,,99.27,100.0,104.86,94.89,,,0.0,-6.898798994507027
ES,2001,95.62,,97.72,98.39,102.79,93.94,,,-2.769999999999996,-4.3799999999999955
ES,2002,97.35,,90.89,96.77,100.75,93.01,,,0.5799999999999983,1.8092449278393596
ES,2003,97.54,,92.5,95.18,99.75,91.16,,,2.3599999999999994,0.19517205957884087
ES,2004,94.84,,95.22,93.61,97.78,89.36,,,1.230000000000004,-2.7680951404551957
ES,2005,95.02,,94.02,92.1,96.8,87.59,,,2.9200000000000017,0.1897933361450832
ES,2006,86.81,,92.74,90.66,94.89,85.86,,,-3.8499999999999943,-8.640286255525142
ES,2007,88.89,,90.03,89.28,93.94,85.0,,,-0.39000000000000057,2.3960373228890663
ES,2008,93.75,,90.85,87.95,92.08,83.32,,,5.799999999999997,5.4674316571042825
ES,2009,88.37,,84.44,86.64,91.16,82.49,,,1.730000000000004,-5.738666666666658
ES,2010,83.75,,83.86,85.35,90.26,80.86,,,-1.5999999999999943,-5.22801855833428
ES,2011,89.86,,84.78,84.06,88.47,80.05,28.0,,5.799999999999997,7.295522388059705
ES,2012,84.47,,82.74,82.75,87.59,78.47,28.0,,1.7199999999999989,-5.998219452481635
ES,2013,79.74,,79.64,81.44,85.86,77.69,28.0,,-1.7000000000000028,-5.599621167278324
ES,2014,78.8,,80.93,80.16,84.16,76.15,28.0,,-1.3599999999999994,-1.178831201404562
ES,2015,77.53,,81.61,78.88,83.32,74.64,28.1,,-1.3499999999999943,-1.6116751269035445
ES,2016,78.04,,82.51,77.62,81.67,73.9,28.1,,0.4200000000000017,0.6578098800464449
ES,2017,74.55,,75.09,76.36,80.86,72.43,28.1,,-1.8100000000000023,-4.472065607380838
ES,2018,69.73,,70.92,75.12,80.05,71.0,28.1,,-5.390000000000001,-6.465459423205888
ES,2019,72.39,,73.3,73.89,79.25,68.9,28.1,,-1.5,3.8147138964577554
ES,2020,71.15,,74.3,72.66,78.47,67.54,28.1,,-1.509999999999991,-1.7129437767647415
ES,2021,70.77,,73.17,71.45,77.69,65.54,28.1,,-0.6800000000000068,-0.53408292340128
ES,2022,69.23,,67.73,70.25,77.69,63.6,28.1,,-1.019999999999996,-2.1760633036597365
ES,2023,72.64,,67.43,69.06,76.91,61.72,28.1,,3.5799999999999983,4.925610284558712
FI,1990,114.31,,113.9,115.35,121.84,109.14,,,-1.039999999999992,
FI,1991,118.7,,112.14,113.99,120.62,106.98,,,4.710000000000008,3.840433907794605
FI,1992,123.53,,117.47,112.61,119.42,105.92,,,10.920000000000002,4.0690817186183725
FI,1993,104.57,,116.36,111.1,118.23,104.86,,,-6.530000000000001,-15.348498340484095
FI,1994,114.56,,113.24,109.5,115.89,102.79,,,5.060000000000002,9.553409199579232
FI,1995,116.21,,105.71,107.91,113.6,101.77,,,8.299999999999997,1.4402932960893677
FI,1996,100.28,,106.21,106.32,112.47,100.75,,,-6.039999999999992,-13.707942517855598
FI,1997,104.21,,105.4,104.74,110.24,99.75,,,-0.5300000000000011,3.9190267251695277
FI,1998,109.14,,101.79,103.16,108.06,97.78,,,5.980000000000004,4.730831973898875
FI,1999,100.28,,102.88,101.58,106.98,96.8,,,-1.2999999999999972,-8.118013560564407
FI,2000,100.0,,99.27,100.0,104.86,94.89,,,0.0,-0.2792181890706069
FI,2001,103.93,,97.72,98.39,102.79,93.94,,,5.540000000000006,3.9300000000000113
FI,2002,98.49,,90.89,96.77,100.75,93.01,,,1.7199999999999989,-5.2342923121331815
FI,2003,97.55,,92.5,95.18,99.75,91.16,,,2.3699999999999903,-0.9544116153924254
FI,2004,90.19,,95.22,93.61,97.78,89.36,,,-3.4200000000000017,-7.544848795489489
FI,2005,97.56,,94.02,92.1,96.8,87.59,,,5.460000000000008,8.171637653841902
FI,2006,87.34,,92.74,90.66,94.89,85.86,,,-3.319999999999993,-10.475604756047563
FI,2007,100.98,,90.03,89.28,93.94,85.0,,,11.700000000000003,15.617128463476071
FI,2008,92.29,,90.85,87.95,92.08,83.32,,,4.340000000000003,-8.605664488017428
FI,2009,88.52,,84.44,86.64,91.16,82.49,,,1.8799999999999955,-4.084949615342948
FI,2010,87.02,,83.86,85.35,90.26,80.86,,,1.6700000000000017,-1.694532309082697
FI,2011,97.82,,84.78,84.06,88.47,80.05,12.9,,13.759999999999991,12.41094001378993
FI,2012,82.21,,82.74,82.75,87.59,78.47,13.0,,-0.5400000000000063,-15.957881823757925
FI,2013,91.55,,79.64,81.44,85.86,77.69,13.0,,10.11,11.361148278798193
FI,2014,90.5,,80.93,80.16,84.16,76.15,13.0,,10.340000000000003,-1.1469142545057265
FI,2015,93.63,d,81.61,78.88,83.32,74.64,13.0,,14.75,3.4585635359116074
FI,2016,90.4,d,82.51,77.62,81.67,73.9,13.0,,12.780000000000001,-3.44974901206877
FI,2017,80.56,d,75.09,76.36,80.86,72.43,13.2,,4.200000000000003,-10.884955752212388
FI,2018,75.48,d,70.92,75.12,80.05,71.0,13.2,,0.35999999999999943,-6.305858987090362
FI,2019,73.61,d,73.3,73.89,79.25,68.9,13.2,,-0.28000000000000114,-2.4774774774774855
FI,2020,83.69,d,74.3,72.66,78.47,67.54,13.2,,11.030000000000001,13.693791604401584
FI,2021,87.08,d,73.17,71.45,77.69,65.54,13.3,,15.629999999999995,4.050663161668067
FI,2022,75.58,d,67.73,70.25,77.69,63.6,13.3,,5.329999999999998,-13.20624712907671
FI,2023,85.86,d,67.43,69.06,76.91,61.72,13.4,,16.799999999999997,13.601481873511512
FI,2024,84.49,d,69.94,67.88,76.91,59.9,,,16.61,-1.59562077801072
FR,1990,93.3,,113.9,115.35,121.84,109.14,,,-22.049999999999997,
FR,1991,74.6,,112.14,113.99,120.62,106.98,,,-39.39,-20.042872454448023
FR,1992,83.4,,117.47,112.61,119.42,105.92,,,-29.209999999999994,11.796246648793574
FR,1993,74.6,,116.36,111.1,118.23,104.86,,,-36.5,-10.551558752997614
FR,1994,77.8,,113.24,109.5,115.89,102.79,,,-31.700000000000003,4.289544235924936
FR,1995,74.7,,105.71,107.91,113.6,101.77,,,-33.209999999999994,-3.984575835475568
FR,1996,74.2,,106.21,106.32,112.47,100.75,,,-32.11999999999999,-0.669344042838016
FR,1997,82.0,,105.4,104.74,110.24,99.75,,,-22.739999999999995,10.512129380053903
FR,1998,79.5,,101.79,103.16,108.06,97.78,,,-23.659999999999997,-3.0487804878048808
FR,1999,69.5,,102.88,101.58,106.98,96.8,,,-32.08,-12.578616352201255
FR,2000,100.0,,99.27,100.0,104.86,94.89,,,0.0,43.88489208633093
FR,2001,72.7,,97.72,98.39,102.79,93.94,,,-25.689999999999998,-27.3
FR,2002,65.38,,90.89,96.77,100.75,93.01,,,-31.39,-10.068775790921602
FR,2003,69.54,,92.5,95.18,99.75,91.16,,,-25.64,6.3628020801468566
FR,2004,70.25,,95.22,93.61,97.78,89.36,,,-23.36,1.0209951107276405
FR,2005,78.97,,94.02,92.1,96.8,87.59,,,-13.129999999999995,12.412811387900359
FR,2006,71.36,,92.74,90.66,94.89,85.86,,,-19.299999999999997,-9.636570849689752
FR,2007,73.7,,90.03,89.28,93.94,85.0,,,-15.579999999999998,3.279147982062791
FR,2008,71.64,,90.85,87.95,92.08,83.32,,,-16.310000000000002,-2.795115332428766
FR,2009,67.5,,84.44,86.64,91.16,82.49,,,-19.14,-5.778894472361806
FR,2010,61.79,,83.86,85.35,90.26,80.86,,,-23.559999999999995,-8.459259259259255
FR,2011,63.77,,84.78,84.06,88.47,80.05,23.0,,-20.29,3.2044020067972134
FR,2012,63.62,,82.74,82.75,87.59,78.47,23.1,,-19.130000000000003,-0.23522032303592288
FR,2013,61.39,,79.64,81.44,85.86,77.69,23.1,,-20.049999999999997,-3.5051870480980796
FR,2014,57.9,,80.93,80.16,84.16,76.15,23.5,,-22.259999999999998,-5.684964978009455
FR,2015,61.57,,81.61,78.88,83.32,74.64,23.9,,-17.309999999999995,6.338514680483587
FR,2016,53.29,,82.51,77.62,81.67,73.9,23.9,,-24.330000000000005,-13.448107844729574
FR,2017,51.05,,75.09,76.36,80.86,72.43,24.1,,-25.310000000000002,-4.203415274910871
FR,2018,49.9,,70.92,75.12,80.05,71.0,25.7,,-25.220000000000006,-2.252693437806075
FR,2019,47.44,,73.3,73.89,79.25,68.9,26.8,,-26.450000000000003,-4.929859719438879
FR,2020,50.7,,74.3,72.66,78.47,67.54,27.7,,-21.959999999999994,6.8718381112985005
FR,2021,53.93,,73.17,71.45,77.69,65.54,28.0,,-17.520000000000003,6.370808678500972
HU,1999,101.41,,102.88,101.58,106.98,96.8,,,-0.1700000000000017,
HU,2000,100.0,,99.27,100.0,104.86,94.89,,,0.0,-1.3903954245143457
HU,2001,98.29,,97.72,98.39,102.79,93.94,,,-0.09999999999999432,-1.7099999999999893
HU,2002,96.41,,90.89,96.77,100.75,93.01,,,-0.35999999999999943,-1.912707294740068
HU,2003,94.24,,92.5,95.18,99.75,91.16,,,-0.9400000000000119,-2.2508038585209
HU,2004,91.88,,95.22,93.61,97.78,89.36,,,-1.730000000000004,-2.504244482173179
HU,2005,89.54,,94.02,92.1,96.8,87.59,,,-2.559999999999988,-2.5468001741401736
HU,2006,86.74,,92.74,90.66,94.89,85.86,,,-3.9200000000000017,-3.127094036184963
HU,2007,83.57,,90.03,89.28,93.94,85.0,,,-5.710000000000008,-3.6545999538851737
HU,2008,80.89,,90.85,87.95,92.08,83.32,,,-7.060000000000002,-3.2068924255115427
HU,2009,78.35,,84.44,86.64,91.16,82.49,,,-8.290000000000006,-3.1400667573247665
HU,2010,75.82,,83.86,85.35,90.26,80.86,,,-9.530000000000001,-3.2291001914486306
HU,2011,74.34,,84.78,84.06,88.47,80.05,22.2,,-9.719999999999999,-1.9519915589554127
HU,2012,74.81,,82.74,82.75,87.59,78.47,22.2,,-7.939999999999998,0.6322302932472379
HU,2013,76.48,,79.64,81.44,85.86,77.69,22.2,,-4.959999999999994,2.232321882101318
HU,2014,77.87,,80.93,80.16,84.16,76.15,22.2,,-2.289999999999992,1.8174686192468537
HU,2015,79.09,,81.61,78.88,83.32,74.64,22.2,,0.21000000000000796,1.5667137536920395
HU,2016,80.6,,82.51,77.62,81.67,73.9,22.2,,2.9799999999999898,1.909217347325809
HU,2017,81.26,,75.09,76.36,80.86,72.43,22.2,,4.900000000000006,0.8188585607940668
HU,2018,80.96,,70.92,75.12,80.05,71.0,22.2,,5.839999999999989,-0.36918533103619255
HU,2019,80.24,,73.3,73.89,79.25,68.9,22.2,,6.349999999999994,-0.8893280632411016
HU,2020,78.98,,74.3,72.66,78.47,67.54,22.2,,6.320000000000007,-1.5702891326021873
HU,2021,77.14,,73.17,71.45,77.69,65.54,22.2,,5.689999999999998,-2.329703722461385
HU,2022,74.84,,67.73,70.25,77.69,63.6,22.2,,4.590000000000003,-2.9815919108115096
HU,2023,72.12,,67.43,69.06,76.91,61.72,22.2,,3.0600000000000023,-3.6344200962052375
IE,1998,88.41,,101.79,103.16,108.06,97.78,,,-14.75,
IE,1999,92.09,,102.88,101.58,106.98,96.8,,,-9.489999999999995,4.1624250650379
IE,2000,100.0,,99.27,100.0,104.86,94.89,,,0.0,8.589423390161798
IE,2001,97.68,,97.72,98.39,102.79,93.94,,,-0.7099999999999937,-2.3199999999999887
IE,2002,98.56,,90.89,96.77,100.75,93.01,,,1.7900000000000063,0.9009009009008917
IE,2003,91.34,,92.5,95.18,99.75,91.16,,,-3.8400000000000034,-7.325487012987009
IE,2004,98.97,,95.22,93.61,97.78,89.36,,,5.359999999999999,8.353404860959056
IE,2005,101.77,,94.02,92.1,96.8,87.59,,,9.670000000000002,2.829140143477815
IE,2006,103.87,,92.74,90.66,94.89,85.86,,,13.210000000000008,2.0634764665422134
IE,2007,106.88,,90.03,89.28,93.94,85.0,,,17.599999999999994,2.8978530855877427
IE,2008,108.67,,90.85,87.95,92.08,83.32,,,20.72,1.6747754491017952
IE,2009,105.34,,84.44,86.64,91.16,82.49,,,18.700000000000003,-3.064323180270545
IE,2010,101.45,,83.86,85.35,90.26,80.86,,,16.10000000000001,-3.6928042528953875
IE,2011,103.02,,84.78,84.06,88.47,80.05,13.8,,18.959999999999994,1.5475603745687572
IE,2012,100.26,,82.74,82.75,87.59,78.47,13.8,,17.510000000000005,-2.679091438555614
IE,2013,96.73,,79.64,81.44,85.86,77.69,13.8,,15.290000000000006,-3.520845800917616
IE,2014,106.69,,80.93,80.16,84.16,76.15,13.8,,26.53,10.296702160653348
IE,2015,108.59,,81.61,78.88,83.32,74.64,13.8,,29.710000000000008,1.7808604367794523
IE,2016,107.37,,82.51,77.62,81.67,73.9,13.8,,29.75,-1.1234920342573007
IT,2000,100.0,,99.27,100.0,104.86,94.89,,,0.0,
IT,2001,98.3,,97.72,98.39,102.79,93.94,,,-0.09000000000000341,-1.7000000000000015
IT,2002,98.0,,90.89,96.77,100.75,93.01,,,1.230000000000004,-0.3051881993896166
IT,2003,94.7,,92.5,95.18,99.75,91.16,,,-0.480000000000004,-3.367346938775506
IT,2004,91.8,,95.22,93.61,97.78,89.36,,,-1.8100000000000023,-3.062302006335804
IT,2005,85.9,,94.02,92.1,96.8,87.59,,,-6.199999999999989,-6.427015250544654
IT,2006,86.6,,92.74,90.66,94.89,85.86,,,-4.060000000000002,0.814901047729899
IT,2007,91.9,,90.03,89.28,93.94,85.0,,,2.6200000000000045,6.120092378752906
IT,2008,91.7,,90.85,87.95,92.08,83.32,,,3.75,-0.21762785636562088
IT,2009,89.5,,84.44,86.64,91.16,82.49,,,2.8599999999999994,-2.399127589967287
IT,2010,84.8,,83.86,85.35,90.26,80.86,,,-0.5499999999999972,-5.251396648044693
IT,2011,92.4,,84.78,84.06,88.47,80.05,21.3,,8.340000000000003,8.962264150943412
IT,2012,86.1,,82.74,82.75,87.59,78.47,21.4,,3.3499999999999943,-6.818181818181834
IT,2013,81.8,,79.64,81.44,85.86,77.69,21.4,,0.35999999999999943,-4.99419279907084
IT,2014,81.9,,80.93,80.16,84.16,76.15,21.4,,1.740000000000009,0.12224938875307068
IT,2015,77.7,,81.61,78.88,83.32,74.64,21.4,,-1.1799999999999926,-5.128205128205132
IT,2016,74.7,,82.51,77.62,81.67,73.9,21.4,,-2.9200000000000017,-3.8610038610038644
IT,2017,74.2,,75.09,76.36,80.86,72.43,21.4,,-2.1599999999999966,-0.669344042838016
IT,2018,72.2,,70.92,75.12,80.05,71.0,21.4,,-2.9200000000000017,-2.695417789757415
IT,2019,73.8,,73.3,73.89,79.25,68.9,21.4,,-0.09000000000000341,2.216066481994461
IT,2020,71.16,,74.3,72.66,78.47,67.54,21.4,,-1.5,-3.577235772357723
IT,2021,72.32,,73.17,71.45,77.69,65.54,21.4,,0.8699999999999903,1.630129286115789
IT,2022,69.37,,67.73,70.25,77.69,63.6,21.4,,-0.8799999999999955,-4.0790929203539665
LT,1994,70.36,,113.24,109.5,115.89,102.79,,,-39.14,
LT,1995,65.29,,105.71,107.91,113.6,101.77,,,-42.61999999999999,-7.205798749289361
LT,1996,68.78,,106.21,106.32,112.47,100.75,,,-37.53999999999999,5.345382141216115
LT,1997,85.91,,105.4,104.74,110.24,99.75,,,-18.83,24.90549578365804
LT,1998,87.28,,101.79,103.16,108.06,97.78,,,-15.879999999999995,1.5946921196601238
LT,1999,93.93,,102.88,101.58,106.98,96.8,,,-7.6499999999999915,7.619156736938604
LT,2000,100.0,,99.27,100.0,104.86,94.89,,,0.0,6.462259129138714
LT,2001,83.63,,97.72,98.39,102.79,93.94,,,-14.760000000000005,-16.370000000000008
LT,2002,61.09,,90.89,96.77,100.75,93.01,,,-35.67999999999999,-26.952050699509734
LT,2003,98.21,,92.5,95.18,99.75,91.16,,,3.029999999999987,60.762808970371566
LT,2004,82.83,,95.22,93.61,97.78,89.36,,,-10.780000000000001,-15.66031972304246
LT,2005,90.84,,94.02,92.1,96.8,87.59,,,-1.259999999999991,9.67040927200291
LT,2006,79.19,,92.74,90.66,94.89,85.86,,,-11.469999999999999,-12.824746807573762
LT,2007,69.59,,90.03,89.28,93.94,85.0,,,-19.689999999999998,-12.122742770551831
LT,2008,73.53,,90.85,87.95,92.08,83.32,,,-14.420000000000002,5.661733007616032
LT,2009,82.57,,84.44,86.64,91.16,82.49,,,-4.070000000000007,12.294301645586824
LT,2010,86.44,,83.86,85.35,90.26,80.86,,,1.0900000000000034,4.686932299866786
LT,2011,77.43,,84.78,84.06,88.47,80.05,17.0,,-6.6299999999999955,-10.4234150856085
LT,2012,72.06,,82.74,82.75,87.59,78.47,17.0,,-10.689999999999998,-6.93529639674545
LT,2013,74.55,,79.64,81.44,85.86,77.69,17.0,,-6.890000000000001,3.455453788509577
LT,2014,80.49,,80.93,80.16,84.16,76.15,17.0,,0.3299999999999983,7.967806841046277
LT,2015,79.29,,81.61,78.88,83.32,74.64,17.0,,0.4100000000000108,-1.4908684308609588
LT,2016,69.36,,82.51,77.62,81.67,73.9,17.1,,-8.260000000000005,-12.523647370412416
LT,2017,64.03,,75.09,76.36,80.86,72.43,17.1,,-12.329999999999998,-7.684544405997695
LT,2018,58.5,,70.92,75.12,80.05,71.0,17.1,,-16.620000000000005,-8.63657660471654
LT,2019,61.69,,73.3,73.89,79.25,68.9,17.1,,-12.200000000000003,5.452991452991451
LT,2020,50.91,,74.3,72.66,78.47,67.54,17.2,,-21.75,-17.474469119792513
LT,2021,46.36,,73.17,71.45,77.69,65.54,17.4,,-25.090000000000003,-8.93734040463563
LT,2022,45.24,,67.73,70.25,77.69,63.6,17.8,,-25.009999999999998,-2.415875754961172
LT,2023,47.62,,67.43,69.06,76.91,61.72,17.9,,-21.440000000000005,5.260831122900078
LU,2010,100.0,d,83.86,85.35,90.26,80.86,,,14.650000000000006,
LU,2011,112.13,d,84.78,84.06,88.47,80.05,25.2,,28.069999999999993,12.129999999999995
LU,2012,102.2,d,82.74,82.75,87.59,78.47,25.2,,19.450000000000003,-8.855792383840178
LU,2013,90.9,d,79.64,81.44,85.86,77.69,25.2,,9.460000000000008,-11.056751467710368
LU,2014,84.94,d,80.93,80.16,84.16,76.15,25.2,,4.780000000000001,-6.556655665566568
LU,2015,73.3,d,81.61,78.88,83.32,74.64,32.3,,-5.579999999999998,-13.703790911231462
LU,2016,80.61,d,82.51,77.62,81.67,73.9,33.3,,2.989999999999995,9.972714870395638
LU,2017,83.11,d,75.09,76.36,80.86,72.43,33.7,,6.75,3.1013521895546514
LU,2018,77.87,d,70.92,75.12,80.05,71.0,36.2,,2.75,-6.304897124293096
LU,2019,79.24,d,73.3,73.89,79.25,68.9,36.3,,5.349999999999994,1.7593424939000846
LU,2020,125.53,d,74.3,72.66,78.47,67.54,37.1,,52.870000000000005,58.41746592629986
LU,2021,99.27,d,73.17,71.45,77.69,65.54,37.9,,27.819999999999993,-20.9193021588465
LU,2022,91.26,d,67.73,70.25,77.69,63.6,37.9,,21.010000000000005,-8.068902991840421
LU,2023,105.44,d,67.43,69.06,76.91,61.72,38.6,,36.379999999999995,15.53802323033091
LV,1995,102.78,,105.71,107.91,113.6,101.77,,,-5.1299999999999955,
LV,1996,107.29,,106.21,106.32,112.47,100.75,,,0.9700000000000131,4.388013232146326
LV,1997,107.95,,105.4,104.74,110.24,99.75,,,3.210000000000008,0.6151551868766925
LV,1998,113.03,,101.79,103.16,108.06,97.78,,,9.870000000000005,4.705882352941182
LV,1999,110.1,,102.88,101.58,106.98,96.8,,,8.519999999999996,-2.592232150756446
LV,2000,100.0,,99.27,100.0,104.86,94.89,,,0.0,-9.173478655767475
LV,2001,121.65,,97.72,98.39,102.79,93.94,,,23.260000000000005,21.650000000000013
LV,2002,103.28,,90.89,96.77,100.75,93.01,,,6.510000000000005,-15.100698725852856
LV,2003,105.12,,92.5,95.18,99.75,91.16,,,9.939999999999998,1.7815646785437789
LV,2004,93.55,,95.22,93.61,97.78,89.36,,,-0.060000000000002274,-11.006468797564695
LV,2005,100.81,,94.02,92.1,96.8,87.59,,,8.710000000000008,7.760555852485318
LV,2006,102.94,,92.74,90.66,94.89,85.86,,,12.280000000000001,2.1128856264259532
LV,2007,112.44,,90.03,89.28,93.94,85.0,,,23.159999999999997,9.228676899164556
LV,2008,113.4,,90.85,87.95,92.08,83.32,,,25.450000000000003,0.8537886872999056
LV,2009,100.67,,84.44,86.64,91.16,82.49,,,14.030000000000001,-11.225749559082898
LV,2010,119.44,,83.86,85.35,90.26,80.86,,,34.09,18.645077977550418
LV,2011,108.4,,84.78,84.06,88.47,80.05,18.1,,24.340000000000003,-9.243134628265226
LV,2012,111.63,,82.74,82.75,87.59,78.47,18.1,,28.879999999999995,2.979704797047966
LV,2013,124.26,,79.64,81.44,85.86,77.69,18.1,,42.82000000000001,11.314162859446398
LV,2014,111.21,,80.93,80.16,84.16,76.15,18.1,,31.049999999999997,-10.502172863351046
LV,2015,121.92,d,81.61,78.88,83.32,74.64,18.1,,43.040000000000006,9.630428918262757
LV,2016,90.25,d,82.51,77.62,81.67,73.9,18.1,,12.629999999999995,-25.976049868766403
LV,2017,92.02,d,75.09,76.36,80.86,72.43,18.1,,15.659999999999997,1.9612188365650818
LV,2018,97.0,d,70.92,75.12,80.05,71.0,18.1,,21.879999999999995,5.411866985437963
LV,2019,86.58,d,73.3,73.89,79.25,68.9,18.1,,12.689999999999998,-10.742268041237113
LV,2020,88.84,d,74.3,72.66,78.47,67.54,18.1,,16.180000000000007,2.6103026103026172
LV,2021,91.41,d,73.17,71.45,77.69,65.54,18.1,,19.959999999999994,2.892841062584406
LV,2022,82.89,d,67.73,70.25,77.69,63.6,18.1,,12.64,-9.320643255661299
LV,2023,82.12,d,67.43,69.06,76.91,61.72,18.4,,13.060000000000002,-0.9289419712872449
NL,1990,118.7,,113.9,115.35,121.84,109.14,,,3.3500000000000085,
NL,1991,104.57,,112.14,113.99,120.62,106.98,,,-9.420000000000002,-11.903959561920818
NL,1992,109.35,,117.47,112.61,119.42,105.92,,,-3.260000000000005,4.571100698096964
NL,1993,113.1,,116.36,111.1,118.23,104.86,,,2.0,3.429355281207136
NL,1994,113.02,,113.24,109.5,115.89,102.79,,,3.519999999999996,-0.0707338638373134
NL,1995,105.92,,105.71,107.91,113.6,101.77,,,-1.9899999999999949,-6.28207396920899
NL,1996,103.46,,106.21,106.32,112.47,100.75,,,-2.8599999999999994,-2.322507552870101
NL,1997,109.76,,105.4,104.74,110.24,99.75,,,5.02000000000001,6.089309878213811
NL,1998,107.8,,101.79,103.16,108.06,97.78,,,4.640000000000001,-1.7857142857142905
NL,1999,103.0,,102.88,101.58,106.98,96.8,,,1.4200000000000017,-4.452690166975881
NL,2000,100.0,,99.27,100.0,104.86,94.89,,,0.0,-2.9126213592232997
NL,2001,96.5,,97.72,98.39,102.79,93.94,,,-1.8900000000000006,-3.500000000000003
NL,2002,91.13,,90.89,96.77,100.75,93.01,,,-5.640000000000001,-5.564766839378244
NL,2003,88.03,,92.5,95.18,99.75,91.16,,,-7.150000000000006,-3.4017337868978315
NL,2004,89.35,,95.22,93.61,97.78,89.36,,,-4.260000000000005,1.499488810632732
NL,2005,89.2,,94.02,92.1,96.8,87.59,,,-2.8999999999999915,-0.16787912702852514
NL,2006,78.95,,92.74,90.66,94.89,85.86,,,-11.709999999999994,-11.491031390134532
NL,2007,77.82,,90.03,89.28,93.94,85.0,,,-11.460000000000008,-1.4312856238125504
NL,2008,78.45,,90.85,87.95,92.08,83.32,,,-9.5,0.8095605242868231
NL,2009,72.58,,84.44,86.64,91.16,82.49,,,-14.060000000000002,-7.482472912683247
NL,2010,67.5,,83.86,85.35,90.26,80.86,,,-17.849999999999994,-6.99917332598512
NL,2011,77.27,,84.78,84.06,88.47,80.05,17.0,,-6.790000000000006,14.47407407407406
NL,2012,73.1,,82.74,82.75,87.59,78.47,17.0,,-9.650000000000006,-5.396661058625596
NL,2013,64.0,,79.64,81.44,85.86,77.69,17.3,,-17.439999999999998,-12.448700410396707
NL,2014,68.69,,80.93,80.16,84.16,76.15,19.8,,-11.469999999999999,7.3281249999999964
NL,2015,68.33,,81.61,78.88,83.32,74.64,21.1,,-10.549999999999997,-0.5240937545494262
NL,2016,66.55,,82.51,77.62,81.67,73.9,21.1,,-11.070000000000007,-2.6050051222010873
NL,2017,62.91,,75.09,76.36,80.86,72.43,22.0,,-13.450000000000003,-5.469571750563484
NL,2018,58.22,,70.92,75.12,80.05,71.0,22.7,,-16.900000000000006,-7.4550945795580965
NL,2019,61.84,,73.3,73.89,79.25,68.9,22.7,,-12.049999999999997,6.21779457231193
NL,2020,63.63,,74.3,72.66,78.47,67.54,22.7,,-9.029999999999994,2.8945666235446366
NL,2021,63.01,,73.17,71.45,77.69,65.54,22.7,,-8.440000000000005,-0.9743831526009772
NL,2022,60.4,,67.73,70.25,77.69,63.6,22.7,,-9.850000000000001,-4.142199650849065
NO,1996,95.92,,106.21,106.32,112.47,100.75,,,-10.399999999999991,
NO,1997,91.51,,105.4,104.74,110.24,99.75,,,-13.22999999999999,-4.597581317764798
NO,1998,95.52,,101.79,103.16,108.06,97.78,,,-7.640000000000001,4.382034750300501
NO,1999,96.53,,102.88,101.58,106.98,96.8,,,-5.049999999999997,1.0573701842546024
NO,2000,100.0,,99.27,100.0,104.86,94.89,,,0.0,3.5947373873407296
NO,2001,88.71,,97.72,98.39,102.79,93.94,,,-9.680000000000007,-11.290000000000012
NO,2002,88.39,,90.89,96.77,100.75,93.01,,,-8.379999999999995,-0.3607259609964997
NO,2003,88.91,,92.5,95.18,99.75,91.16,,,-6.27000000000001,0.5883018441000143
NO,2004,77.77,,95.22,93.61,97.78,89.36,,,-15.840000000000003,-12.529524237993472
NO,2005,74.83,,94.02,92.1,96.8,87.59,,,-17.269999999999996,-3.7803780378037777
NO,2006,74.03,,92.74,90.66,94.89,85.86,,,-16.629999999999995,-1.069089937190959
NO,2007,78.61,,90.03,89.28,93.94,85.0,,,-10.670000000000002,6.186681075239764
NO,2008,75.64,,90.85,87.95,92.08,83.32,,,-12.310000000000002,-3.778145274138145
NO,2009,64.04,,84.44,86.64,91.16,82.49,,,-22.599999999999994,-15.335801163405593
NO,2010,63.12,,83.86,85.35,90.26,80.86,,,-22.229999999999997,-1.4366021236727144
NO,2011,60.64,,84.78,84.06,88.47,80.05,,,-23.42,-3.9290240811153287
NO,2012,52.76,,82.74,82.75,87.59,78.47,,,-29.990000000000002,-12.994722955145122
NO,2013,53.49,,79.64,81.44,85.86,77.69,,,-27.949999999999996,1.3836239575436116
NO,2014,55.2,,80.93,80.16,84.16,76.15,,,-24.959999999999994,3.1968592260235518
NO,2015,42.76,,81.61,78.88,83.32,74.64,,,-36.12,-22.536231884057976
NO,2016,45.87,,82.51,77.62,81.67,73.9,,,-31.750000000000007,7.273152478952283
NO,2017,48.99,,75.09,76.36,80.86,72.43,,,-27.369999999999997,6.801831262262925
NO,2018,49.66,,70.92,75.12,80.05,71.0,,,-25.460000000000008,1.3676260461318535
NO,2019,44.88,,73.3,73.89,79.25,68.9,,,-29.009999999999998,-9.625453080950452
NO,2020,53.78,,74.3,72.66,78.47,67.54,,,-18.879999999999995,19.830659536541884
NO,2021,47.57,,73.17,71.45,77.69,65.54,,,-23.880000000000003,-11.547043510598742
NO,2022,51.85,,67.73,70.25,77.69,63.6,,,-18.4,8.997267185200752
PL,2000,100.0,,99.27,100.0,104.86,94.89,,,0.0,
PL,2001,93.69,,97.72,98.39,102.79,93.94,,,-4.700000000000003,-6.310000000000004
PL,2002,93.27,,90.89,96.77,100.75,93.01,,,-3.5,-0.44828690361832235
PL,2003,86.0,,92.5,95.18,99.75,91.16,,,-9.180000000000007,-7.794574890104
PL,2004,89.14,,95.22,93.61,97.78,89.36,,,-4.469999999999999,3.651162790697682
PL,2005,91.45,,94.02,92.1,96.8,87.59,,,-0.6499999999999915,2.5914292124747718
PL,2006,91.72,,92.74,90.66,94.89,85.86,,,1.0600000000000023,0.2952433023510004
PL,2007,88.51,,90.03,89.28,93.94,85.0,,,-0.769999999999996,-3.499781945050151
PL,2008,100.16,,90.85,87.95,92.08,83.32,,,12.209999999999994,13.162354536210596
PL,2009,93.88,,84.44,86.64,91.16,82.49,,,7.239999999999995,-6.269968051118213
PL,2010,89.93,,83.86,85.35,90.26,80.86,,,4.5800000000000125,-4.207498934810383
PL,2011,87.52,,84.78,84.06,88.47,80.05,39.5,,3.4599999999999937,-2.6798621149783264
PL,2012,85.45,,82.74,82.75,87.59,78.47,39.5,,2.700000000000003,-2.365173674588661
PL,2013,85.94,,79.64,81.44,85.86,77.69,39.5,,4.5,0.5734347571679344
PL,2014,84.53,,80.93,80.16,84.16,76.15,39.6,,4.3700000000000045,-1.6406795438678068
PL,2015,87.3,,81.61,78.88,83.32,74.64,39.6,,8.420000000000002,3.2769430971252733
PL,2016,87.93,,82.51,77.62,81.67,73.9,39.6,,10.310000000000002,0.7216494845361021
PL,2017,83.79,,75.09,76.36,80.86,72.43,39.6,,7.430000000000007,-4.708290685772775
PL,2018,76.25,,70.92,75.12,80.05,71.0,39.6,,1.1299999999999955,-8.998687194175925
PL,2019,78.94,,73.3,73.89,79.25,68.9,39.6,,5.049999999999997,3.527868852459015
PL,2020,81.27,,74.3,72.66,78.47,67.54,39.6,,8.61,2.9516088168229038
PL,2021,73.79,,73.17,71.45,77.69,65.54,39.6,,2.3400000000000034,-9.203888273655704
PL,2022,75.7,,67.73,70.25,77.69,63.6,39.6,,5.450000000000003,2.5884266160726366
PL,2023,76.76,,67.43,69.06,76.91,61.72,39.6,,7.700000000000003,1.4002642007926003
PT,2004,100.0,d,95.22,93.61,97.78,89.36,,,6.390000000000001,
PT,2005,100.7,d,94.02,92.1,96.8,87.59,,,8.600000000000009,0.7000000000000117
PT,2006,103.5,d,92.74,90.66,94.89,85.86,,,12.840000000000003,2.7805362462760552
PT,2007,106.2,d,90.03,89.28,93.94,85.0,,,16.92,2.60869565217392
PT,2008,104.8,d,90.85,87.95,92.08,83.32,,,16.849999999999994,-1.3182674199623379
PT,2009,105.0,d,84.44,86.64,91.16,82.49,,,18.36,0.1908396946564972
PT,2010,101.9,d,83.86,85.35,90.26,80.86,,,16.55000000000001,-2.9523809523809508
PT,2011,104.1,d,84.78,84.06,88.47,80.05,22.0,,20.039999999999992,2.158979391560334
PT,2012,102.5,d,82.74,82.75,87.59,78.47,22.0,,19.75,-1.5369836695485084
PT,2013,105.0,d,79.64,81.44,85.86,77.69,22.3,,23.560000000000002,2.4390243902439046
PT,2014,97.5,d,80.93,80.16,84.16,76.15,22.3,,17.340000000000003,-7.14285714285714
PT,2015,93.6,d,81.61,78.88,83.32,74.64,22.3,,14.719999999999999,-4.0000000000000036
PT,2016,105.3,d,82.51,77.62,81.67,73.9,22.3,,27.679999999999993,12.5
PT,2017,105.3,d,75.09,76.36,80.86,72.43,22.4,,28.939999999999998,0.0
PT,2018,93.2,d,70.92,75.12,80.05,71.0,22.4,,18.08,-11.490978157644815
PT,2019,95.0,d,73.3,73.89,79.25,68.9,22.4,,21.11,1.93133047210301
PT,2020,94.2,d,74.3,72.66,78.47,67.54,22.4,,21.540000000000006,-0.8421052631578885
PT,2021,99.3,d,73.17,71.45,77.69,65.54,22.4,,27.849999999999994,5.414012738853491
SE,1998,86.89,,101.79,103.16,108.06,97.78,,,-16.269999999999996,
SE,1999,91.39,,102.88,101.58,106.98,96.8,,,-10.189999999999998,5.178961905857982
SE,2000,100.0,,99.27,100.0,104.86,94.89,,,0.0,9.421162052740994
SE,2001,93.33,,97.72,98.39,102.79,93.94,,,-5.060000000000002,-6.669999999999998
SE,2002,91.59,,90.89,96.77,100.75,93.01,,,-5.179999999999993,-1.8643522982963567
SE,2003,86.22,,92.5,95.18,99.75,91.16,,,-8.960000000000008,-5.863085489682285
SE,2004,99.36,,95.22,93.61,97.78,89.36,,,5.75,15.2400835073069
SE,2005,83.3,,94.02,92.1,96.8,87.59,,,-8.799999999999997,-16.16344605475041
SE,2006,82.55,,92.74,90.66,94.89,85.86,,,-8.11,-0.9003601440576214
SE,2007,89.45,,90.03,89.28,93.94,85.0,,,0.1700000000000017,8.358570563294986
SE,2008,86.02,,90.85,87.95,92.08,83.32,,,-1.9300000000000068,-3.8345444382336558
SE,2009,78.21,,84.44,86.64,91.16,82.49,,,-8.430000000000007,-9.079283887468037
SE,2010,83.31,,83.86,85.35,90.26,80.86,,,-2.039999999999992,6.5209052550824875
SE,2011,80.61,,84.78,84.06,88.47,80.05,14.0,,-3.450000000000003,-3.2409074540871496
SE,2012,80.04,,82.74,82.75,87.59,78.47,14.1,,-2.7099999999999937,-0.7071082992184508
SE,2013,84.63,,79.64,81.44,85.86,77.69,14.2,,3.1899999999999977,5.734632683658147
SE,2014,81.49,,80.93,80.16,84.16,76.15,14.2,,1.3299999999999983,-3.710268226397262
SE,2015,72.88,d,81.61,78.88,83.32,74.64,14.3,,-6.0,-10.56571358448889
SE,2016,74.98,d,82.51,77.62,81.67,73.9,14.3,,-2.6400000000000006,2.881448957189914
SE,2017,79.95,d,75.09,76.36,80.86,72.43,14.5,,3.5900000000000034,6.628434249133108
SE,2018,75.6,d,70.92,75.12,80.05,71.0,14.7,,0.47999999999998977,-5.440900562851791
SE,2019,80.63,d,73.3,73.89,79.25,68.9,14.8,,6.739999999999995,6.653439153439145
SE,2020,84.71,d,74.3,72.66,78.47,67.54,14.8,,12.049999999999997,5.060151308445993
SE,2021,75.07,d,73.17,71.45,77.69,65.54,14.9,,3.6199999999999903,-11.380002360996343
SE,2022,78.82,d,67.73,70.25,77.69,63.6,14.9,,8.569999999999993,4.995337684827494
SE,2023,70.31,d,67.43,69.06,76.91,61.72,15.3,,1.25,-10.796752093377304
SI,2008,100.0,d,90.85,87.95,92.08,83.32,,,12.049999999999997,
SI,2009,95.2,d,84.44,86.64,91.16,82.49,,,8.560000000000002,-4.799999999999994
SI,2010,80.8,d,83.86,85.35,90.26,80.86,,,-4.549999999999997,-15.126050420168069
SI,2011,82.8,d,84.78,84.06,88.47,80.05,40.2,,-1.2600000000000051,2.4752475247524774
SI,2012,84.7,d,82.74,82.75,87.59,78.47,40.2,,1.9500000000000028,2.2946859903381744
SI,2013,81.1,d,79.64,81.44,85.86,77.69,40.5,,-0.3400000000000034,-4.250295159386075
SI,2014,79.2,d,80.93,80.16,84.16,76.15,40.5,,-0.9599999999999937,-2.3427866831072675
SI,2015,72.2,d,81.61,78.88,83.32,74.64,40.5,,-6.679999999999993,-8.838383838383834
SI,2016,75.2,d,82.51,77.62,81.67,73.9,40.5,,-2.4200000000000017,4.155124653739617
SI,2017,75.4,d,75.09,76.36,80.86,72.43,40.5,,-0.9599999999999937,0.26595744680850686
SI,2018,77.7,d,70.92,75.12,80.05,71.0,40.5,,2.5799999999999983,3.05039787798409
SI,2019,76.6,d,73.3,73.89,79.25,68.9,40.5,,2.7099999999999937,-1.4157014157014314
SI,2020,80.8,d,74.3,72.66,78.47,67.54,40.5,,8.14,5.483028720626626
SI,2021,76.0,d,73.17,71.45,77.69,65.54,40.5,,4.549999999999997,-5.940594059405935
SI,2022,73.6,d,67.73,70.25,77.69,63.6,40.5,,3.3499999999999943,-3.157894736842115
SI,2023,75.7,d,67.43,69.06,76.91,61.72,40.5,,6.640000000000001,2.853260869565233
SK,2005,100.0,d,94.02,92.1,96.8,87.59,,,7.900000000000006,
SK,2006,108.62,d,92.74,90.66,94.89,85.86,,,17.960000000000008,8.620000000000005
SK,2007,112.0,d,90.03,89.28,93.94,85.0,,,22.72,3.1117657889891293
SK,2008,113.89,d,90.85,87.95,92.08,83.32,,,25.939999999999998,1.6874999999999973
SK,2009,118.61,d,84.44,86.64,91.16,82.49,,,31.97,4.1443498112213595
SK,2010,99.86,d,83.86,85.35,90.26,80.86,,,14.510000000000005,-15.808110614619341
SK,2011,98.94,d,84.78,84.06,88.47,80.05,37.1,,14.879999999999995,-0.9212898057280205
SK,2012,103.45,d,82.74,82.75,87.59,78.47,37.1,,20.700000000000003,4.558318172629883
SK,2013,90.46,d,79.64,81.44,85.86,77.69,37.1,,9.019999999999996,-12.556790720154677
SK,2014,96.06,d,80.93,80.16,84.16,76.15,37.1,,15.900000000000006,6.190581472474022
SK,2015,94.27,d,81.61,78.88,83.32,74.64,37.4,,15.39,-1.8634186966479338
SK,2016,93.06,d,82.51,77.62,81.67,73.9,37.4,,15.439999999999998,-1.2835472578763052
SK,2017,92.93,d,75.09,76.36,80.86,72.43,37.4,,16.570000000000007,-0.139694820545877
SK,2018,83.5,d,70.92,75.12,80.05,71.0,37.4,,8.379999999999995,-10.147422791348337
